{
  "best_J": 99.88822165245148,
  "best_trial": 41,
  "weights": {
    "Q_ec": [
      16.072717756799786,
      25.87978195483763,
      16.36905462611885
    ],
    "Q_el": [
      3.1587481047753823,
      10.069662933255625,
      0.3197877847018449
    ],
    "Q_q": [
      0.28712284802308413,
      0.3787048529012338,
      4.696111344225878
    ],
    "U_mat": [
      0.03010770680208265,
      10.365822576286446,
      528.4292496824089,
      29.64223859961859
    ],
    "Q_omega": [
      0.05243042021313676,
      0.04300027391068806,
      2.9836133353818957
    ],
    "Q_s": 1.1841938271341375
  },
  "flat_params": {
    "Q_ecx": 16.072717756799786,
    "Q_ecy": 25.87978195483763,
    "Q_ecz": 16.36905462611885,
    "Q_elx": 3.1587481047753823,
    "Q_ely": 10.069662933255625,
    "Q_elz": 0.3197877847018449,
    "Q_qx": 0.28712284802308413,
    "Q_qy": 0.3787048529012338,
    "Q_qz": 4.696111344225878,
    "U_T": 0.03010770680208265,
    "U_tx": 10.365822576286446,
    "U_ty": 528.4292496824089,
    "U_tz": 29.64223859961859,
    "Q_wx": 0.05243042021313676,
    "Q_wy": 0.04300027391068806,
    "Q_wz": 2.9836133353818957,
    "Q_s": 1.1841938271341375
  },
  "user_attrs": {
    "mean_mpcc_cost": 99.88822165245148,
    "total_mpcc_cost": 35260.54224331537,
    "rmse_contorno": 0.37187680998811773,
    "rmse_lag": 0.9057646974106962,
    "mean_effort": 727.9955684737222,
    "path_completed": 0.9996875487170959,
    "wall_time": 0.7396755218505859
  },
  "objective_info": {
    "type": "mean_mpcc_cost + completion_penalty",
    "W_INCOMPLETE": 1000.0
  }
}